<?xml version="1.0" encoding="UTF-8"?>
<project-private xmlns="http://www.netbeans.org/ns/project-private/1">
    <editor-bookmarks xmlns="http://www.netbeans.org/ns/editor-bookmarks/2" lastBookmarkId="0"/>
    <open-files xmlns="http://www.netbeans.org/ns/projectui-open-files/2">
        <group>
            <file>file:/C:/Users/Naveed/Documents/NetBeansProjects/Hospital_management_system/src/hospital_management_system/Queue.java</file>
            <file>file:/C:/Users/Naveed/Documents/NetBeansProjects/Hospital_management_system/src/hospital_management_system/Discharge.java</file>
            <file>file:/C:/Users/Naveed/Documents/NetBeansProjects/Hospital_management_system/src/hospital_management_system/Feeback.java</file>
            <file>file:/C:/Users/Naveed/Documents/NetBeansProjects/Hospital_management_system/src/hospital_management_system/Lobby.java</file>
            <file>file:/C:/Users/Naveed/Documents/NetBeansProjects/Hospital_management_system/src/hospital_management_system/Login.java</file>
            <file>file:/C:/Users/Naveed/Documents/NetBeansProjects/Hospital_management_system/src/hospital_management_system/Lab.java</file>
            <file>file:/C:/Users/Naveed/Documents/NetBeansProjects/Hospital_management_system/src/hospital_management_system/Feedbackcheck.java</file>
            <file>file:/C:/Users/Naveed/Documents/NetBeansProjects/Hospital_management_system/src/hospital_management_system/Hospital_management_system.java</file>
            <file>file:/C:/Users/Naveed/Documents/NetBeansProjects/Hospital_management_system/src/hospital_management_system/Staff.java</file>
            <file>file:/C:/Users/Naveed/Documents/NetBeansProjects/Hospital_management_system/src/hospital_management_system/Node.java</file>
        </group>
    </open-files>
</project-private>
